"id","account_id","account_company_name","crm_contact_id","full_name","email","linkedin_url","title"
"87","58","<REDACTED_ACCOUNT_COMPANY_NAME>","","<REDACTED_FULL_NAME>","redacted1@example.com","https://www.linkedin.com/in/<REDACTED_PROFILE>","Director, Revenue Operations"
"88","59","<REDACTED_ACCOUNT_COMPANY_NAME>","","<REDACTED_FULL_NAME>","redacted2@example.com","https://www.linkedin.com/in/<REDACTED_PROFILE>","Director, Revenue Operations"
"89","60","<REDACTED_ACCOUNT_COMPANY_NAME>","","<REDACTED_FULL_NAME>","redacted3@example.com","https://www.linkedin.com/in/<REDACTED_PROFILE>","Director, Revenue Operations"
"90","61","<REDACTED_ACCOUNT_COMPANY_NAME>","","<REDACTED_FULL_NAME>","redacted4@example.com","https://www.linkedin.com/in/<REDACTED_PROFILE>","Director, Revenue Operations"
"91","62","<REDACTED_ACCOUNT_COMPANY_NAME>","","<REDACTED_FULL_NAME>","redacted5@example.com","https://www.linkedin.com/in/<REDACTED_PROFILE>","Director, Revenue Operations"
"92","63","<REDACTED_ACCOUNT_COMPANY_NAME>","","<REDACTED_FULL_NAME>","redacted6@example.com","https://www.linkedin.com/in/<REDACTED_PROFILE>","Marketing Manager"
"93","64","<REDACTED_ACCOUNT_COMPANY_NAME>","","<REDACTED_FULL_NAME>","redacted7@example.com","https://www.linkedin.com/in/<REDACTED_PROFILE>","Marketing Manager"
"94","65","<REDACTED_ACCOUNT_COMPANY_NAME>","","<REDACTED_FULL_NAME>","redacted8@example.com","https://www.linkedin.com/in/<REDACTED_PROFILE>","Marketing Manager"
"95","66","<REDACTED_ACCOUNT_COMPANY_NAME>","","<REDACTED_FULL_NAME>","redacted9@example.com","https://www.linkedin.com/in/<REDACTED_PROFILE>","Marketing Manager"
"96","67","<REDACTED_ACCOUNT_COMPANY_NAME>","","<REDACTED_FULL_NAME>","redacted10@example.com","https://www.linkedin.com/in/<REDACTED_PROFILE>","Marketing Manager"
"97","68","<REDACTED_ACCOUNT_COMPANY_NAME>","","<REDACTED_FULL_NAME>","redacted11@example.com","https://www.linkedin.com/in/<REDACTED_PROFILE>","Marketing Manager"
"98","69","<REDACTED_ACCOUNT_COMPANY_NAME>","","<REDACTED_FULL_NAME>","redacted12@example.com","https://www.linkedin.com/in/<REDACTED_PROFILE>","Marketing Manager"
"99","70","<REDACTED_ACCOUNT_COMPANY_NAME>","","<REDACTED_FULL_NAME>","redacted13@example.com","https://www.linkedin.com/in/<REDACTED_PROFILE>","Marketing Manager"
"100","71","<REDACTED_ACCOUNT_COMPANY_NAME>","","<REDACTED_FULL_NAME>","redacted14@example.com","https://www.linkedin.com/in/<REDACTED_PROFILE>","Marketing Manager"
"101","72","<REDACTED_ACCOUNT_COMPANY_NAME>","","<REDACTED_FULL_NAME>","redacted15@example.com","https://www.linkedin.com/in/<REDACTED_PROFILE>","Marketing Manager"
"102","73","<REDACTED_ACCOUNT_COMPANY_NAME>","","<REDACTED_FULL_NAME>","redacted16@example.com","https://www.linkedin.com/in/<REDACTED_PROFILE>","Marketing Manager"
"103","74","<REDACTED_ACCOUNT_COMPANY_NAME>","","<REDACTED_FULL_NAME>","redacted17@example.com","https://www.linkedin.com/in/<REDACTED_PROFILE>","Marketing Manager"
"104","75","<REDACTED_ACCOUNT_COMPANY_NAME>","","<REDACTED_FULL_NAME>","redacted18@example.com","https://www.linkedin.com/in/<REDACTED_PROFILE>","Marketing Manager"
"105","76","<REDACTED_ACCOUNT_COMPANY_NAME>","","<REDACTED_FULL_NAME>","redacted19@example.com","https://www.linkedin.com/in/<REDACTED_PROFILE>","Marketing Manager"
"106","77","<REDACTED_ACCOUNT_COMPANY_NAME>","","<REDACTED_FULL_NAME>","redacted20@example.com","https://www.linkedin.com/in/<REDACTED_PROFILE>","Marketing Manager"
